INSERT [dbo].[ESTADO] ([COD_ESTADO], [NOMBRE]) VALUES (2, N'En progreso')
GO
INSERT [dbo].[ESTADO] ([COD_ESTADO], [NOMBRE]) VALUES (3, N'Pendiente Cliente')
GO
INSERT [dbo].[ESTADO] ([COD_ESTADO], [NOMBRE]) VALUES (4, N'Resuelto')
GO
INSERT [dbo].[ESTADO] ([COD_ESTADO], [NOMBRE]) VALUES (5, N'Cerrado')
GO

INSERT [dbo].[ESTADO_CLIENTE] ([COD_ESTADO_CLI], [NOMBRE]) VALUES (1, N'Activo')
GO
INSERT [dbo].[ESTADO_CLIENTE] ([COD_ESTADO_CLI], [NOMBRE]) VALUES (2, N'Inactivo')
GO
INSERT [dbo].[ESTADO_CLIENTE] ([COD_ESTADO_CLI], [NOMBRE]) VALUES (3, N'Prospecto')
GO

INSERT [dbo].[ESTADO_SERVICIO] ([COD_ESTADO_SERV], [NOMBRE]) VALUES (1, N'Activo')
GO
INSERT [dbo].[ESTADO_SERVICIO] ([COD_ESTADO_SERV], [NOMBRE]) VALUES (2, N'Inactivo')
GO

INSERT [dbo].[CLIENTES] ([NRO_DOC], [NOMBRE], [APELLIDO], [EMAIL], [FECHA_NAC], [COD_ESTADO_CLI]) VALUES (13123456, N'Juan', N'Peres', N'jperes@gmail.com',  CAST(N'1959-07-01' AS Date), 1)
GO
INSERT [dbo].[CLIENTES] ([NRO_DOC], [NOMBRE], [APELLIDO], [EMAIL], [FECHA_NAC], [COD_ESTADO_CLI]) VALUES (23103456, N'Lucia', N'Gonzalez', N'lgonzalez@gmail.com',  CAST(N'1978-09-30' AS Date), 2)
GO
INSERT [dbo].[CLIENTES] ([NRO_DOC], [NOMBRE], [APELLIDO], [EMAIL], [FECHA_NAC], [COD_ESTADO_CLI]) VALUES (15123056, N'Maria', N'Diaz', N'mdiazs@hotmail.com',  CAST(N'1965-07-01' AS Date), 1)
GO
INSERT [dbo].[CLIENTES] ([NRO_DOC], [NOMBRE], [APELLIDO], [EMAIL], [FECHA_NAC], [COD_ESTADO_CLI]) VALUES (28101544, N'Alejandro', N'Zdanovics', N'azdanovics@gmail.com',  CAST(N'1984-07-11' AS Date), 1)
GO
INSERT [dbo].[CLIENTES] ([NRO_DOC], [NOMBRE], [APELLIDO], [EMAIL], [FECHA_NAC], [COD_ESTADO_CLI]) VALUES (22123456, N'Leandro', N'Curci', N'lcurci@outlook.com',  CAST(N'1979-03-07' AS Date), 2)
GO
INSERT [dbo].[CLIENTES] ([NRO_DOC], [NOMBRE], [APELLIDO], [EMAIL], [FECHA_NAC], [COD_ESTADO_CLI]) VALUES (39122353, N'Lucia', N'Mariotti', N'lucim@gmail.com',  CAST(N'1989-10-21' AS Date), 3)
GO

INSERT [dbo].[TIPO_SERVICIO] (ID_TIPO_SERVICIO, [NOMBRE]) VALUES (1, N'Telefonia')
GO
INSERT [dbo].[TIPO_SERVICIO] (ID_TIPO_SERVICIO, [NOMBRE]) VALUES (2, N'Internet')
GO
INSERT [dbo].[TIPO_SERVICIO] (ID_TIPO_SERVICIO, [NOMBRE]) VALUES (3, N'VOIP')
GO

INSERT [dbo].[DIRECCION] ([ID_DIRECCION], [CALLE], [NUMERO], [PISO], [DEPTO]) VALUES (1, N'Av. Juramento', 1971, NULL, NULL)
GO
INSERT [dbo].[DIRECCION] ([ID_DIRECCION], [CALLE], [NUMERO], [PISO], [DEPTO]) VALUES (2, N'La Pampa', 923, 6, N'B')
GO
INSERT [dbo].[DIRECCION] ([ID_DIRECCION], [CALLE], [NUMERO], [PISO], [DEPTO]) VALUES (3, N'Av. Monroe', 3113, 3, N'C')
GO
INSERT [dbo].[DIRECCION] ([ID_DIRECCION], [CALLE], [NUMERO], [PISO], [DEPTO]) VALUES (4, N'Arcos', 2504, 10, N'F')
GO
INSERT [dbo].[DIRECCION] ([ID_DIRECCION], [CALLE], [NUMERO], [PISO], [DEPTO]) VALUES (5, N'Amenabar', 1850, 2, NULL)
GO
INSERT [dbo].[DIRECCION] ([ID_DIRECCION], [CALLE], [NUMERO], [PISO], [DEPTO]) VALUES (6, N'Av. Cramer', 2371, 4, N'E')
GO
INSERT [dbo].[DIRECCION] ([ID_DIRECCION], [CALLE], [NUMERO], [PISO], [DEPTO]) VALUES (7, N'Av. Del Libertador', 5990, 9, N'904')
GO

INSERT [dbo].[SERVICIOS] ([NRO_SERVICIO], [ID_DIRECCION], [FECHA_INICIO], [COD_ESTADO_SERV], [NRO_DOC_CLI], [ID_TIPO_SERVICIO]) VALUES (59122353, 1, NULL, 2, 39122353,  2)
GO
INSERT [dbo].[SERVICIOS] ([NRO_SERVICIO], [ID_DIRECCION], [FECHA_INICIO], [COD_ESTADO_SERV], [NRO_DOC_CLI], [ID_TIPO_SERVICIO]) VALUES (59122354, 2, CAST(N'2012-07-02' AS Date), 2, 28101544,  2)
GO
INSERT [dbo].[SERVICIOS] ([NRO_SERVICIO], [ID_DIRECCION], [FECHA_INICIO], [COD_ESTADO_SERV], [NRO_DOC_CLI], [ID_TIPO_SERVICIO]) VALUES (59122355, 6, CAST(N'2010-10-21' AS Date), 1, 13123456,  2)
GO
INSERT [dbo].[SERVICIOS] ([NRO_SERVICIO], [ID_DIRECCION], [FECHA_INICIO], [COD_ESTADO_SERV], [NRO_DOC_CLI], [ID_TIPO_SERVICIO]) VALUES (59122356, 5, CAST(N'2011-11-22' AS Date), 1, 23103456,  2)
GO
INSERT [dbo].[SERVICIOS] ([NRO_SERVICIO], [TELEFONO], [ID_DIRECCION], [FECHA_INICIO], [COD_ESTADO_SERV], [NRO_DOC_CLI], [ID_TIPO_SERVICIO]) VALUES (69122353, N'4123-1234', 6, CAST(N'2010-10-21' AS Date), 1, 13123456, 1)
GO
INSERT [dbo].[SERVICIOS] ([NRO_SERVICIO], [TELEFONO], [ID_DIRECCION], [FECHA_INICIO], [COD_ESTADO_SERV], [NRO_DOC_CLI], [ID_TIPO_SERVICIO]) VALUES (69122354, N'2069-3994', 3, CAST(N'2001-01-22' AS Date), 1, 23103456, 1)
GO
INSERT [dbo].[SERVICIOS] ([NRO_SERVICIO], [TELEFONO], [ID_DIRECCION], [FECHA_INICIO], [COD_ESTADO_SERV], [NRO_DOC_CLI], [ID_TIPO_SERVICIO]) VALUES (69122355, N'2069-3994', 4, CAST(N'2004-04-23' AS Date), 1, 15123056, 1)
GO
INSERT [dbo].[SERVICIOS] ([NRO_SERVICIO], [TELEFONO], [ID_DIRECCION], [FECHA_INICIO], [COD_ESTADO_SERV], [NRO_DOC_CLI], [ID_TIPO_SERVICIO]) VALUES (69122356, N'2069-3994', 2, CAST(N'2006-06-24' AS Date), 2, 28101544, 1)
GO
INSERT [dbo].[SERVICIOS] ([NRO_SERVICIO], [TELEFONO], [ID_DIRECCION], [FECHA_INICIO], [COD_ESTADO_SERV], [NRO_DOC_CLI], [ID_TIPO_SERVICIO]) VALUES (69122357, N'2069-3994', 1, NULL, 2, 39122353, 1)
GO
INSERT [dbo].[SERVICIOS] ([NRO_SERVICIO], [TELEFONO], [ID_DIRECCION], [FECHA_INICIO], [COD_ESTADO_SERV], [NRO_DOC_CLI], [ID_TIPO_SERVICIO]) VALUES (79122355, N'4123-1235', 7, CAST(N'2008-10-01' AS Date), 1, 13123456, 3)
GO
INSERT [dbo].[SERVICIOS] ([NRO_SERVICIO], [TELEFONO], [ID_DIRECCION], [FECHA_INICIO], [COD_ESTADO_SERV], [NRO_DOC_CLI], [ID_TIPO_SERVICIO]) VALUES (79122356, N'2069-3995', 3, CAST(N'2009-09-02' AS Date), 2, 23103456, 3)
GO

INSERT [dbo].[TICKET] ([NRO_TICKET], [FECHA_APERTURA], [FECHA_RESOLUCION], [NRO_DOC_CLI], [COD_TIPOLOGIA], [COD_ESTADO]) VALUES (3, N'VOIP')
GO
